<groupdef id="notifier.text" sysregion = "1" ghost="1">
  <text id="plentry" x="12" y="10" default="2/15" w="100" color="notifier.dark" shadow="1" shadowcolor="notifier.bright" shadowx="1" shadowy="1" font="Arial" fontsize="18" ghost="1"/>
  <text id="nexttrack" x="-116" y="12" w="102" relatw="1" align="right" default="Next track" color="notifier.dark" shadow="1" shadowcolor="notifier.bright" shadowx="1" shadowy="1" font="Arial" fontsize="14" ghost="1"/>

  <text id="title" x="16" y="28" w="-32" relatw="1" default="Nothing" color="notifier.dark" shadow="1" shadowcolor="notifier.bright" shadowx="1" shadowy="1" font="Arial" fontsize="20" ghost="1"/>
  <text id="artist" x="16" y="44" w="-32" h="18" relatw="1" default="Nithin Sawhney" color="notifier.dark" shadow="1" shadowcolor="notifier.bright" shadowx="1" shadowy="1" font="Arial" fontsize="14" ghost="1"/>
  <text id="album" x="16" y="58" w="-32" h="12" relatw="1" default="Prophesy" color="notifier.dark" shadow="1" shadowcolor="notifier.bright" shadowx="1" shadowy="1" font="Arial" fontsize="14" ghost="1"/>

  <text id="endofplayback" x="16" y="32" w="-32" relatw="1" align="center" default="End of playback" color="notifier.dark" shadow="1" shadowcolor="notifier.bright" shadowx="1" shadowy="1" font="Arial" fontsize="20" visible="0" ghost="1"/>
</groupdef>


<layout id="normal" noparent="1" ontop="1" h="80" w="128" forcealpha="1" noactivation="1" nodock="1" move="0">

  <grid left="notifier.bg.left" middle="notifier.bg.center" right="notifier.bg.right" fitparent="1" sysregion="1" ghost="1" rectrgn="0" move="0"/>
  <group id="notifier.text" fitparent="1" move="0"/>

</layout>

<layout id="desktopalpha" noparent="1" ontop="1" h="80" w="128" desktopalpha="1" noactivation="1" nodock="1" move="0">

  <grid left="notifier.bg.left.da" middle="notifier.bg.center.da" right="notifier.bg.right.da" fitparent="1" ghost="1" move="0"/>
  <group id="notifier.text" fitparent="1" move="0"/>

</layout>