<?xml version="1.0" encoding="UTF-8" standalone="yes"?>

<WinampAbstractionLayer version="1.0">

  <skininfo>
    <version>1.0</version>
    <name>Winamp5 Base Skin</name>
    <comment>Please feel free to use this skin as a reference point to build your new Winamp5 skins.</comment>
    <author gaybag="bartibartman">Sven Kistner</author>
    <email>sven@metrix.de</email>
    <homepage>http://www.winamp.com</homepage>
    <screenshot>screenshot.png</screenshot>
  </skininfo>

  <include file="xml/color-presets.xml"/>
  <include file="xml/system-colors.xml"/>
  <include file="standardframe/standardframe.xml" />
  <include file="titlebar/titlebar.xml" />
  <include file="xml/player.xml"/>
  <include file="xml/pledit.xml"/>
  <include file="xml/ml.xml"/>
  <include file="xml/vis.xml"/>
  <include file="xml/video.xml"/>
  <include file="xml/notifier.xml"/>
  <include file="about/about.xml"/>

</WinampAbstractionLayer>
